casual,professional
"I fixed bugs in the code.","Resolved software defects and improved application stability."
"I helped the team with project work.","Collaborated with the team on project tasks to ensure timely delivery."
"I did data entry tasks.","Performed data entry and maintained accurate records."
"I managed the company’s social media.","Oversaw and managed the company’s social media presence."
"I worked on customer support.","Provided customer support and addressed client inquiries efficiently."
"I tested new software features.","Conducted testing of new software features to ensure functionality."
"I wrote reports for the boss.","Prepared detailed reports for management review."
"I took care of client emails.","Handled client communications via email to ensure satisfaction."
"I participated in team meetings.","Actively participated in team meetings to contribute to project planning."
"I did market research for new products.","Conducted market research to identify potential new product opportunities."
"I managed vendor relationships.","Cultivated and maintained relationships with vendors."
"I prepared tax documents.","Prepared tax documents to ensure compliance and accuracy."
"I organized company workshops.","Planned and organized workshops to enhance employee development."
"I managed the office supplies.","Oversaw the procurement and inventory of office supplies."
"I updated client records.","Maintained and updated client records for accuracy and completeness."
"I coordinated team events.","Planned and coordinated team events to boost morale."
"I performed data backups.","Executed regular data backups to safeguard information."
"I designed the company logo.","Created a new company logo that represents the brand identity."
"I updated product descriptions.","Revised product descriptions to highlight key features and benefits."
"I managed social media ads.","Developed and managed social media advertising campaigns."
"I reviewed contracts.","Reviewed contracts to ensure compliance with company policies."
"I processed customer refunds.","Handled customer refund requests efficiently and courteously."
"I led the marketing campaign.","Spearheaded a successful marketing campaign to increase brand awareness."
"I wrote training manuals.","Authored comprehensive training manuals for new employees."
"I organized the storage room.","Reorganized the storage room for better accessibility and efficiency."
"I tracked sales performance.","Monitored and reported on sales performance to drive improvements."
"I created infographics.","Designed infographics to visually represent data and concepts."
"I managed the help desk.","Supervised the help desk operations to provide effective support."
"I updated employee handbooks.","Revised and updated employee handbooks to reflect policy changes."
"I assisted in budget planning.","Supported budget planning and financial forecasting activities."
"I monitored social media trends.","Tracked social media trends to inform content strategy."
"I managed project timelines.","Coordinated project timelines to ensure deadlines were met."
"I conducted market analysis.","Performed market analysis to identify business opportunities."
"I created financial reports.","Developed detailed financial reports to support decision-making."
"I tested website functionality.","Conducted testing to ensure website functionality and user experience."
"I prepared meeting agendas.","Compiled and prepared agendas for executive meetings."
"I managed event registrations.","Oversaw event registration processes to ensure smooth operations."
"I developed training programs.","Created training programs to enhance employee skills and knowledge."
"I monitored website analytics.","Tracked and analyzed website analytics to inform strategy."
"I organized company outings.","Planned and coordinated company outings to foster team bonding."
"I prepared job descriptions.","Developed job descriptions to attract qualified candidates."
"I created email templates.","Designed standardized email templates for consistent communication."
"I managed customer feedback.","Collected and managed customer feedback to improve services."
"I updated financial records.","Maintained and updated financial records for accuracy."
"I conducted SWOT analysis.","Performed SWOT analysis to assess business strengths and weaknesses."
"I prepared audit documents.","Prepared documentation for internal and external audits."
"I managed team schedules.","Coordinated team schedules to optimize productivity."
"I developed user interfaces.","Designed user interfaces to enhance user experience."
"I monitored industry news.","Kept abreast of industry news to stay informed of trends and developments."
"I organized promotional events.","Planned and executed promotional events to drive engagement."
"I managed IT infrastructure.","Oversaw IT infrastructure to ensure smooth operation of systems."
"I updated inventory records.","Maintained and updated inventory records to ensure accuracy."
"I created online surveys.","Developed online surveys to gather customer insights."
"I managed email lists.","Maintained and managed email lists for marketing campaigns."
"I reviewed marketing materials.","Reviewed marketing materials to ensure brand consistency."
"I prepared compliance reports.","Compiled compliance reports to meet regulatory requirements."
"I managed internal communications.","Coordinated internal communications to keep staff informed."
"I updated training materials.","Revised training materials to reflect current best practices."
"I conducted exit interviews.","Performed exit interviews to gather feedback from departing employees."
"I monitored customer satisfaction.","Tracked customer satisfaction metrics to identify areas for improvement."
"I prepared grant proposals.","Authored grant proposals to secure funding for projects."
"I managed software updates.","Oversaw software updates to ensure systems were current."
"I created marketing strategies.","Developed marketing strategies to achieve business objectives."
"I reviewed financial statements.","Reviewed financial statements to ensure accuracy and compliance."
"I organized charity events.","Planned and coordinated charity events to support community engagement."
"I developed pricing models.","Created pricing models to optimize revenue."
"I managed recruitment processes.","Oversaw recruitment processes to attract top talent."
"I conducted competitor analysis.","Performed competitor analysis to inform business strategy."
"I updated CRM data.","Maintained and updated CRM data for accuracy and completeness."
"I prepared press kits.","Compiled press kits to support media relations."
"I managed content calendars.","Coordinated content calendars to ensure timely publication."
"I organized the office layout.","Redesigned office layout to improve workflow efficiency."
"I monitored advertising campaigns.","Tracked and analyzed advertising campaign performance."
"I prepared financial forecasts.","Developed financial forecasts to guide business planning."
"I managed social media content.","Created and managed social media content to engage audiences."
"I conducted customer surveys.","Administered customer surveys to gather feedback and insights."
"I organized training sessions.","Planned and executed training sessions for employee development."
"I managed corporate communications.","Coordinated corporate communications to ensure consistency."
"I prepared marketing collateral.","Developed marketing collateral to support sales efforts."
"I reviewed expense reports.","Reviewed and approved employee expense reports."
"I managed online reviews.","Monitored and responded to online reviews to maintain reputation."
"I conducted focus groups.","Organized and facilitated focus groups to gather consumer insights."
"I managed affiliate programs.","Oversaw affiliate programs to drive partnerships."
"I prepared risk assessments.","Conducted risk assessments to identify and mitigate potential issues."
"I managed supplier contracts.","Negotiated and managed supplier contracts for optimal terms."
"I developed customer personas.","Created customer personas to guide marketing strategies."
"I updated technical documentation.","Revised technical documentation to ensure accuracy and clarity."
"I managed office renovations.","Oversaw office renovations to improve the working environment."
"I conducted brand audits.","Performed brand audits to ensure alignment with company values."
"I prepared investor reports.","Developed investor reports to communicate company performance."
"I managed webinar logistics.","Coordinated logistics for webinars to ensure smooth execution."
"I updated software licenses.","Maintained and updated software licenses to ensure compliance."
"I created sales presentations.","Developed sales presentations to support business development."
"I managed office communications.","Handled office communications to ensure information flow."
"I prepared legal briefs.","Drafted legal briefs to support litigation efforts."
"I organized team lunches.","Planned and coordinated team lunches to foster camaraderie."
"I managed office relocations.","Oversaw office relocations to ensure a smooth transition."
"I developed sales forecasts.","Created sales forecasts to guide business planning."
"I managed freelance contracts.","Negotiated and managed contracts with freelance workers."
"I created customer loyalty programs.","Developed customer loyalty programs to enhance retention."
"I monitored email performance.","Tracked and analyzed email campaign performance."
"I managed event sponsorships.","Coordinated event sponsorships to maximize exposure."
"I prepared board meeting materials.","Developed materials for board meetings to facilitate decision-making."
"I managed software rollouts.","Oversaw software rollouts to ensure successful implementation."
"I conducted usability testing.","Performed usability testing to improve product design."
"I managed internal audits.","Coordinated internal audits to ensure compliance with standards."
"I developed business plans.","Created business plans to outline company strategy."
"I managed social media metrics.","Monitored social media metrics to measure engagement."
"I prepared regulatory filings.","Compiled regulatory filings to ensure compliance."
"I managed corporate events.","Planned and executed corporate events to promote networking."
"I created brand guidelines.","Developed brand guidelines to ensure consistency in marketing."
"I conducted training evaluations.","Performed training evaluations to measure effectiveness."
"I managed sales territories.","Oversaw sales territories to optimize coverage."
"I prepared partnership proposals.","Developed partnership proposals to establish collaborations."
"I managed marketing budgets.","Monitored and managed marketing budgets to ensure cost-effectiveness."
"I updated user guides.","Revised user guides to ensure they are up-to-date."
"I conducted financial audits.","Performed financial audits to ensure accuracy and compliance."
"I managed public relations.","Handled public relations efforts to maintain a positive image."
"I prepared annual reports.","Developed annual reports to communicate company performance."
"I managed customer databases.","Oversaw customer databases to ensure data integrity."
"I created product roadmaps.","Developed product roadmaps to guide development."
"I managed technical support.","Supervised technical support to ensure timely resolution of issues."
"I prepared business proposals.","Authored business proposals to secure new clients."
"I managed contract negotiations.","Handled contract negotiations to achieve favorable terms."
"I conducted customer interviews.","Performed customer interviews to gather qualitative data."
"I managed corporate newsletters.","Coordinated corporate newsletters to keep stakeholders informed."
"I prepared marketing plans.","Developed comprehensive marketing plans to drive business growth."
"I managed compliance checks.","Conducted compliance checks to ensure adherence to regulations."
"I created sales funnels.","Developed sales funnels to optimize customer acquisition."
"I managed office workflows.","Streamlined office workflows to improve efficiency."
"I prepared financial models.","Created financial models to support strategic decisions."
"I managed user experience (UX) design.","Oversaw UX design to enhance product usability."
"I conducted cost-benefit analysis.","Performed cost-benefit analysis to evaluate project feasibility."
"I managed external communications.","Handled external communications to maintain brand image."
"I prepared training schedules.","Developed training schedules to organize employee development sessions."
"I managed CRM integrations.","Oversaw CRM integrations to ensure seamless data flow."
"I conducted employee satisfaction surveys.","Administered employee satisfaction surveys to gather feedback."
"I managed cross-functional teams.","Coordinated cross-functional teams to achieve project goals."
"I prepared sales reports.","Developed sales reports to track performance metrics."
"I managed promotional activities.","Oversaw promotional activities to increase brand awareness."
"I created budget forecasts.","Developed budget forecasts to guide financial planning."
"I managed IT projects.","Led IT projects to ensure timely and within-budget completion."
"I prepared operational reports.","Authored operational reports to provide insights into business performance."
"I managed digital marketing campaigns.","Developed and managed digital marketing campaigns to drive engagement."
"I conducted feasibility studies.","Performed feasibility studies to evaluate potential projects."
"I managed client communications.","Handled client communications to ensure satisfaction

 and retention."
"I prepared HR policies.","Developed HR policies to guide employee behavior and processes."
"I managed server maintenance.","Oversaw server maintenance to ensure uptime and performance."
"I created social media strategies.","Developed social media strategies to enhance online presence."
"I managed payroll processing.","Handled payroll processing to ensure timely and accurate payments."
"I prepared strategic plans.","Developed strategic plans to guide long-term business growth."
"I managed training programs.","Oversaw training programs to develop employee skills."
"I conducted environmental audits.","Performed environmental audits to ensure regulatory compliance."
"I managed project budgets.","Monitored and managed project budgets to control costs."
"I prepared RFP responses.","Authored responses to requests for proposals (RFPs) to secure business."
"I managed website updates.","Oversaw website updates to keep content current and relevant."
"I created engagement strategies.","Developed engagement strategies to improve customer interaction."
"I managed client onboarding.","Coordinated client onboarding to ensure a smooth transition."
"I prepared IT security protocols.","Developed IT security protocols to protect company data."
"I managed investor relations.","Handled investor relations to maintain confidence and support."
"I prepared marketing analytics.","Developed marketing analytics reports to measure campaign effectiveness."
"I managed process improvements.","Led process improvement initiatives to increase efficiency."
"I conducted supplier evaluations.","Performed supplier evaluations to ensure quality and reliability."
"I managed legal compliance.","Oversaw legal compliance to mitigate risk."
"I prepared user acceptance testing (UAT) plans.","Developed UAT plans to ensure product meets requirements."
"I managed remote teams.","Coordinated remote teams to ensure effective collaboration."
"I prepared disaster recovery plans.","Developed disaster recovery plans to ensure business continuity."
"I managed product testing.","Oversaw product testing to ensure quality and performance."
"I conducted industry research.","Performed industry research to inform strategic decisions."
"I managed event logistics.","Coordinated event logistics to ensure successful execution."
"I prepared marketing briefs.","Developed marketing briefs to guide campaign development."
"I managed project documentation.","Handled project documentation to ensure completeness and accuracy."
"I created brand awareness campaigns.","Developed brand awareness campaigns to increase visibility."
"I managed internal transfers.","Oversaw internal transfers to ensure smooth transitions."
"I prepared data migration plans.","Developed data migration plans to ensure seamless transitions."
"I managed customer success programs.","Led customer success programs to enhance satisfaction."
"I prepared sales strategies.","Developed sales strategies to achieve revenue targets."
"I managed technical documentation.","Oversaw technical documentation to ensure clarity and accuracy."
"I conducted usability studies.","Performed usability studies to improve product design."
"I managed office security systems.","Oversaw office security systems to protect assets."
"I prepared financial reconciliations.","Performed financial reconciliations to ensure accuracy."
"I managed web development projects.","Led web development projects to ensure timely delivery."
"I created product tutorials.","Developed product tutorials to assist users."
"I managed inventory audits.","Conducted inventory audits to ensure accuracy."
"I prepared software deployment plans.","Developed software deployment plans to ensure smooth rollouts."
"I managed client proposals.","Handled client proposals to secure new business."
"I conducted SEO audits.","Performed SEO audits to improve search engine rankings."
"I managed facility maintenance.","Oversaw facility maintenance to ensure a safe environment."
"I prepared recruitment strategies.","Developed recruitment strategies to attract top talent."
"I managed employee relations.","Handled employee relations to maintain a positive workplace."
"I prepared data analytics reports.","Developed data analytics reports to inform decision-making."
"I managed product documentation.","Oversaw product documentation to ensure thoroughness."
"I created customer onboarding materials.","Developed materials to support customer onboarding."
"I managed service-level agreements (SLAs).","Oversaw SLAs to ensure compliance and satisfaction."
"I prepared cloud migration plans.","Developed cloud migration plans to ensure seamless transitions."
"I managed user training.","Conducted user training to enhance system utilization."
"I prepared HR analytics.","Developed HR analytics reports to inform decision-making."
"I managed community outreach programs.","Led community outreach programs to enhance company reputation."
"I conducted risk assessments.","Performed risk assessments to identify and mitigate potential issues."
"I managed website optimization.","Oversaw website optimization to improve performance."
"I prepared employee engagement surveys.","Developed employee engagement surveys to gather feedback."
"I managed software development cycles.","Led software development cycles to ensure timely delivery."
"I created marketing automation workflows.","Developed marketing automation workflows to improve efficiency."
"I managed product launches.","Oversaw product launches to ensure success."
"I conducted quality assurance audits.","Performed quality assurance audits to maintain standards."
"I managed content creation.","Oversaw content creation to ensure alignment with strategy."
"I prepared strategic initiatives.","Developed strategic initiatives to drive growth."
"I managed internal reporting.","Handled internal reporting to provide insights into performance."
"I prepared technical specifications.","Developed technical specifications to guide development."
"I managed vendor selection.","Led vendor selection processes to ensure quality and cost-effectiveness."
"I conducted product training.","Performed product training to enhance customer knowledge."
"I managed data protection protocols.","Oversaw data protection protocols to ensure security."
"I prepared business development plans.","Developed business development plans to identify new opportunities."
"I managed customer retention strategies.","Led customer retention strategies to reduce churn."
"I conducted financial modeling.","Performed financial modeling to support business planning."
"I managed brand partnerships.","Oversaw brand partnerships to enhance market presence."
"I prepared IT governance policies.","Developed IT governance policies to ensure compliance."
"I managed social media monitoring.","Monitored social media to gauge brand sentiment."
"I created client onboarding processes.","Developed client onboarding processes to ensure smooth transitions."
"I managed software procurement.","Oversaw software procurement to ensure cost-effective purchases."
"I conducted competitive benchmarking.","Performed competitive benchmarking to inform strategy."
"I managed talent acquisition.","Led talent acquisition efforts to attract qualified candidates."
"I prepared digital transformation plans.","Developed digital transformation plans to modernize operations."
"I managed influencer marketing.","Oversaw influencer marketing campaigns to enhance reach."
"I conducted technical due diligence.","Performed technical due diligence to evaluate potential acquisitions."
"I managed workflow automation.","Led workflow automation initiatives to improve efficiency."
"I prepared brand strategy documents.","Developed brand strategy documents to guide marketing efforts."
"I managed customer onboarding programs.","Oversaw customer onboarding programs to ensure satisfaction."
"I conducted internal training.","Performed internal training to enhance employee skills."
"I managed product feedback loops.","Led product feedback loops to inform development."
"I prepared customer journey maps.","Developed customer journey maps to enhance user experience."
"I managed server configurations.","Oversaw server configurations to ensure optimal performance."
"I conducted financial risk analysis.","Performed financial risk analysis to mitigate potential issues."
"I managed creative briefs.","Handled creative briefs to guide content creation."
"I prepared sales enablement materials.","Developed sales enablement materials to support the sales team."
"I managed office ergonomics.","Oversaw office ergonomics to ensure a comfortable workspace."
"I conducted business impact analysis.","Performed business impact analysis to assess potential disruptions."
"I managed affiliate marketing programs.","Led affiliate marketing programs to drive partnerships."
"I prepared project charters.","Developed project charters to outline objectives and deliverables."
"I managed customer escalations.","Handled customer escalations to resolve issues."
"I conducted product lifecycle management.","Oversaw product lifecycle management to ensure longevity."
"I managed internal audits.","Performed internal audits to ensure compliance."
"I prepared technical roadmaps.","Developed technical roadmaps to guide product development."
"I managed influencer outreach.","Led influencer outreach to enhance brand visibility."
"I conducted team performance reviews.","Performed team performance reviews to provide feedback."
"I managed marketing analytics tools.","Oversaw marketing analytics tools to measure performance."
"I prepared customer case studies.","Developed customer case studies to highlight success stories."
"I managed product backlogs.","Handled product backlogs to prioritize development tasks."
"I conducted user research.","Performed user research to inform product design."
"I managed employee wellness programs.","Led employee wellness programs to promote health."
"I prepared cybersecurity policies.","Developed cybersecurity policies to protect information."
"I managed donor relations.","Handled donor relations to maintain support."
"I conducted industry benchmarking.","Performed industry benchmarking to assess competitive position."
"I managed brand loyalty programs.","Led brand loyalty programs to enhance retention."
"I prepared cost-benefit analyses.","Developed cost-benefit analyses to evaluate project feasibility."
"I managed technical support teams.","Oversaw technical support teams to ensure timely resolution."
"I conducted social media audits.","Performed social media audits to improve strategy."
"I managed employee recognition programs.","Led employee recognition programs to boost morale."
"I prepared stakeholder communications.","Developed stakeholder communications to keep everyone informed."
"I managed facility operations.","Oversaw facility operations to ensure smooth running."
"I conducted competitor research.","Performed competitor research to inform strategic decisions."
"I managed onboarding processes.","Led onboarding processes to ensure new hires integrate smoothly."
"I prepared performance metrics reports.","Developed performance metrics reports to track progress."
"I managed influencer collaborations.","Oversaw influencer collaborations to enhance marketing efforts."
"I conducted technical training.","Performed technical training to enhance team skills."
"I managed customer service teams.","Led customer service teams to ensure high satisfaction."
"I prepared operational workflows.","Developed operational workflows to streamline processes."
"I managed brand development.","Oversaw brand development to enhance market position."
"I conducted user acceptance testing (UAT).","Led UAT to ensure product meets user requirements."
"I managed client portfolios.","Handled client portfolios to ensure satisfaction."
"I prepared IT infrastructure plans.","Developed IT infrastructure plans to support growth."
"I managed community engagement.","Led community engagement efforts to enhance relationships."
"I conducted technical support training.","Performed technical support training to improve service quality."
"I managed public affairs.","Handled public affairs to maintain a positive image."
"I prepared customer experience strategies.","Developed customer experience strategies to enhance satisfaction."
"I managed data integrity protocols.","Oversaw data integrity protocols to ensure accuracy."
"I conducted system integrations.","Led system integrations to ensure seamless operation."
"I managed budget allocations.","Handled budget allocations to optimize resource use."
"I prepared sustainability reports.","Developed sustainability reports to highlight environmental efforts."
"I managed creative direction.","Led creative direction to ensure brand consistency."
"I conducted cost reduction analysis.","Performed cost reduction analysis to identify savings."
"I managed sales operations.","Oversaw sales operations to drive efficiency."
"I prepared organizational charts.","Developed organizational charts to clarify roles."
"I managed employee surveys.","Led employee surveys to gather feedback."
"I conducted feasibility analysis.","Performed feasibility analysis to evaluate project viability."
"I managed knowledge management systems.","Oversaw knowledge management systems to enhance information sharing

."
"I prepared financial due diligence.","Performed financial due diligence to assess potential investments."
"I managed social media engagement.","Led social media engagement to build community."
"I conducted workflow analysis.","Performed workflow analysis to identify improvements."
"I managed crisis communications.","Handled crisis communications to protect reputation."
"I prepared training evaluation reports.","Developed training evaluation reports to measure effectiveness."
"I managed operational efficiencies.","Led efforts to improve operational efficiencies."
"I conducted procurement analysis.","Performed procurement analysis to optimize purchasing."
"I managed data governance.","Oversaw data governance to ensure compliance."
"I prepared customer retention reports.","Developed customer retention reports to identify trends."
"I managed team building activities.","Led team building activities to foster collaboration."
"I conducted business development outreach.","Performed business development outreach to identify opportunities."
"I managed employee benefits programs.","Oversaw employee benefits programs to enhance retention."
"I prepared digital marketing plans.","Developed digital marketing plans to drive online growth."
"I managed IT support services.","Led IT support services to ensure system reliability."
"I conducted market entry analysis.","Performed market entry analysis to assess new opportunities."
"I managed knowledge transfer.","Oversaw knowledge transfer to ensure continuity."
"I prepared stakeholder engagement plans.","Developed stakeholder engagement plans to build relationships."
"I managed internal training programs.","Led internal training programs to develop skills."
"I conducted competitive analysis.","Performed competitive analysis to inform strategy."
"I managed customer onboarding processes.","Oversaw customer onboarding processes to ensure satisfaction."
"I prepared marketing effectiveness reports.","Developed reports to measure marketing effectiveness."
"I managed office health and safety.","Oversaw health and safety protocols to ensure compliance."
"I conducted financial performance reviews.","Performed reviews to assess financial performance."
"I managed talent management programs.","Led programs to attract and retain talent."
"I prepared technical integration plans.","Developed plans to guide technical integrations."
"I managed marketing partnerships.","Oversaw partnerships to enhance marketing efforts."
"I conducted process optimization.","Led efforts to optimize processes for efficiency."
"I managed customer engagement initiatives.","Led initiatives to enhance customer engagement."
"I prepared budget variance reports.","Developed reports to track budget variances."
"I managed internal communications strategies.","Oversaw strategies to enhance internal communications."
"I conducted user feedback sessions.","Led sessions to gather user feedback."
"I managed business continuity plans.","Developed plans to ensure business continuity."
"I prepared training content.","Developed content for training programs."
"I managed technical infrastructure.","Oversaw technical infrastructure to support operations."
"I conducted employee performance reviews.","Performed reviews to assess performance."
"I managed content distribution.","Led efforts to distribute content effectively."
"I prepared market segmentation analysis.","Performed analysis to inform market segmentation."
"I managed office logistics.","Oversaw logistics to ensure smooth office operations."
"I conducted talent assessments.","Performed assessments to identify talent."
"I managed public relations campaigns.","Led campaigns to enhance public relations."
"I prepared customer satisfaction surveys.","Developed surveys to measure customer satisfaction."
"I managed IT security audits.","Oversaw audits to ensure IT security."
"I conducted brand strategy workshops.","Led workshops to develop brand strategy."
"I managed recruitment and onboarding.","Oversaw recruitment and onboarding to ensure smooth integration."
"I prepared operational risk assessments.","Developed assessments to identify operational risks."
"I managed technical support documentation.","Oversaw documentation to support technical support."
"I conducted financial health checks.","Performed health checks to assess financial stability."
"I managed marketing research projects.","Led projects to gather marketing research."
"I prepared business process reengineering plans.","Developed plans to reengineer business processes."
"I managed strategic partnerships.","Oversaw partnerships to drive strategic goals."
"I conducted training needs analysis.","Performed analysis to identify training needs."
"I managed internal audits and compliance.","Led internal audits to ensure compliance."
"I prepared content marketing strategies.","Developed strategies to enhance content marketing."
"I managed vendor relationship management.","Oversaw relationships to ensure vendor satisfaction."
"I conducted customer service training.","Led training to improve customer service."
"I managed technical troubleshooting.","Oversaw troubleshooting to resolve technical issues."
"I prepared strategic marketing initiatives.","Developed initiatives to drive strategic marketing."
"I managed CRM data migration.","Oversaw migration to ensure data integrity."
"I conducted cost optimization projects.","Led projects to optimize costs."
"I managed employee onboarding experience.","Oversaw experience to ensure a positive onboarding."
"I prepared social media content calendars.","Developed calendars to plan social media content."
"I managed operational performance metrics.","Oversaw metrics to track operational performance."
"I conducted financial planning and analysis.","Performed analysis to support financial planning."
"I managed product development roadmaps.","Oversaw roadmaps to guide product development."
"I prepared internal audit reports.","Developed reports to document audit findings."
"I managed customer loyalty strategies.","Led strategies to enhance customer loyalty."
"I conducted employee training programs.","Led programs to develop employee skills."
"I managed brand identity development.","Oversaw development to establish brand identity."
"I prepared budget planning reports.","Developed reports to support budget planning."
"I managed technical project lifecycles.","Oversaw lifecycles to ensure project success."
"I conducted data quality checks.","Performed checks to ensure data quality."
"I managed marketing analytics reporting.","Led reporting to measure marketing performance."
"I prepared content creation guidelines.","Developed guidelines to standardize content creation."
"I managed operational compliance audits.","Oversaw audits to ensure operational compliance."
"I conducted product feasibility studies.","Led studies to assess product feasibility."
"I managed internal control systems.","Oversaw systems to ensure internal controls."
"I prepared customer engagement strategies.","Developed strategies to enhance customer engagement."
"I managed IT infrastructure projects.","Led projects to improve IT infrastructure."
"I conducted market trend analysis.","Performed analysis to identify market trends."
"I managed financial statement preparation.","Oversaw preparation to ensure accuracy."
"I prepared technical support guidelines.","Developed guidelines to standardize technical support."
"I managed sales strategy development.","Led development to drive sales strategy."
"I conducted customer satisfaction analysis.","Performed analysis to measure customer satisfaction."
"I managed employee development programs.","Oversaw programs to enhance employee development."
"I prepared brand communication plans.","Developed plans to guide brand communication."
"I managed operational process improvement.","Led efforts to improve operational processes."
"I conducted business analysis and reporting.","Performed analysis to support business decisions."
"I managed technical project implementation.","Oversaw implementation to ensure project success."
"I prepared financial reporting packages.","Developed packages to support financial reporting."
"I managed customer success teams.","Led teams to ensure customer success."
"I conducted strategic business planning.","Led planning to guide business strategy."
"I managed marketing communications.","Oversaw communications to support marketing efforts."
"I prepared project status reports.","Developed reports to track project status."
"I managed product strategy development.","Led development to guide product strategy."
"I conducted customer feedback analysis.","Performed analysis to inform product improvements."
"I managed employee training and development.","Oversaw efforts to develop employee skills."
"I prepared digital advertising campaigns.","Developed campaigns to drive digital advertising."
"I managed operational risk management.","Led efforts to manage operational risk."
"I conducted IT system audits.","Performed audits to ensure IT system integrity."
"I managed content marketing initiatives.","Led initiatives to enhance content marketing."
"I prepared customer service protocols.","Developed protocols to standardize customer service."
"I managed technical development projects.","Oversaw projects to ensure technical development."
"I conducted financial budgeting and forecasting.","Performed analysis to support budgeting and forecasting."
"I managed social media advertising campaigns.","Led campaigns to drive social media advertising."
"I prepared employee engagement strategies.","Developed strategies to enhance employee engagement."
"I managed operational process automation.","Oversaw efforts to automate operational processes."
"I conducted business intelligence analysis.","Performed analysis to support business intelligence."
"I managed customer feedback programs.","Led programs to gather customer feedback."
"I prepared strategic business initiatives.","Developed initiatives to drive business strategy."
"I managed IT security protocols.","Oversaw protocols to ensure IT security."
"I conducted brand marketing analysis.","Performed analysis to measure brand marketing."
"I managed internal communications platforms.","Led efforts to enhance internal communications."
"I prepared financial performance metrics.","Developed metrics to track financial performance."
"I managed product innovation projects.","Oversaw projects to drive product innovation."
"I conducted customer retention analysis.","Performed analysis to enhance customer retention."
"I managed employee satisfaction programs.","Led programs to improve employee satisfaction."
"I prepared digital marketing analytics.","Developed analytics to measure digital marketing."
"I managed operational performance improvement.","Led efforts to improve operational performance."
"I conducted technical systems analysis.","Performed analysis to support technical systems."
"I managed content strategy development.","Led development to guide content strategy."
"I prepared customer service training programs.","Developed programs to enhance customer service."
"I managed technical integration projects.","Oversaw projects to ensure technical integration."
"I conducted financial analysis and reporting.","Performed analysis to support financial reporting."
"I managed social media strategy development.","Led development to drive social media strategy."
"I prepared employee training manuals.","Developed manuals to support employee training."
"I managed operational process documentation.","Oversaw documentation to standardize processes."
"I conducted business performance analysis.","Performed analysis to measure business performance."
"I managed customer support teams.","Led teams to ensure customer support."
"I prepared strategic marketing plans.","Developed plans to guide marketing strategy."
"I managed IT infrastructure management.","Oversaw management to ensure IT infrastructure."
"I conducted brand awareness analysis.","Performed analysis to measure brand awareness."
"I managed internal training initiatives.","Led initiatives to enhance internal training."
"I prepared financial planning reports.","Developed reports to support financial planning."
"I managed product launch strategies.","Oversaw strategies to ensure product launch success."
"I conducted customer satisfaction surveys.","Performed surveys to gather customer feedback."
"I managed employee onboarding processes.","Led processes to ensure smooth onboarding."
"I prepared digital transformation strategies.","Developed strategies to drive digital transformation."
"I managed operational compliance processes.","Oversaw processes to ensure compliance."
"I conducted technical project management.","Led efforts to manage technical projects."
"I managed content creation workflows.","Oversaw workflows to streamline content creation."
"I prepared customer engagement initiatives.","Developed initiatives to enhance engagement."
"I managed technical documentation processes.","Oversaw processes to ensure thorough documentation."
"I conducted financial forecasting and analysis.","Performed analysis to support financial forecasting."
"I managed social media content creation.","Led efforts to create social media content."
"I prepared employee training sessions.","Developed sessions to enhance training."
"I managed operational efficiency projects.","Oversaw projects to improve efficiency."
"I conducted business intelligence reporting.","Performed reporting to support business intelligence."
"I managed customer relationship management.","Led efforts to enhance customer relationships."
"I prepared strategic business development plans.","Developed plans to drive business

 development."
"I managed IT system implementation projects.","Oversaw projects to ensure system implementation."
"I conducted brand loyalty analysis.","Performed analysis to measure brand loyalty."
"I managed internal communications strategies.","Led strategies to enhance communications."
"I prepared financial performance reports.","Developed reports to track financial performance."
"I managed product development projects.","Oversaw projects to ensure development."
"I conducted customer feedback analysis.","Performed analysis to gather feedback."
"I managed employee training and development programs.","Oversaw programs to enhance development."
"I prepared digital marketing strategies.","Developed strategies to drive digital marketing."
"I managed operational performance improvement initiatives.","Led initiatives to improve performance."
"I conducted technical systems analysis and reporting.","Performed analysis and reporting to support systems."
"I managed content marketing strategy development.","Led efforts to develop content marketing strategy."
"I prepared customer service training materials.","Developed materials to support service training."
"I managed technical integration processes.","Oversaw processes to ensure integration."
"I conducted financial analysis and budgeting.","Performed analysis to support budgeting."
"I managed social media marketing strategies.","Led strategies to drive social media marketing."
"I prepared employee training programs.","Developed programs to enhance training."
"I managed operational documentation processes.","Oversaw processes to ensure documentation."
"I conducted business performance reporting.","Performed reporting to support performance."
"I managed customer support processes.","Led efforts to ensure customer support."
"I prepared strategic marketing initiatives.","Developed initiatives to drive marketing."
"I managed IT infrastructure projects.","Oversaw projects to improve infrastructure."
"I conducted brand awareness analysis and reporting.","Performed analysis and reporting to measure awareness."
"I managed internal training programs and initiatives.","Led programs to enhance training."
"I prepared financial planning and budgeting reports.","Developed reports to support planning and budgeting."
"I managed product launch planning and execution.","Oversaw planning and execution to ensure success."
"I conducted customer satisfaction analysis and reporting.","Performed analysis and reporting to measure satisfaction."
"I managed employee onboarding and training processes.","Led processes to ensure smooth onboarding and training."
"I prepared digital transformation plans and strategies.","Developed plans and strategies to drive transformation."
"I managed operational compliance and audit processes.","Oversaw processes to ensure compliance and auditing."
"I conducted technical project management and reporting.","Led management and reporting to support projects."
"I managed content creation and marketing workflows.","Oversaw workflows to streamline content creation and marketing."
"I prepared customer engagement and retention strategies.","Developed strategies to enhance engagement and retention."
"I managed technical documentation and support processes.","Oversaw processes to ensure documentation and support."
"I conducted financial forecasting and budgeting analysis.","Performed analysis to support forecasting and budgeting."
"I managed social media content strategy and creation.","Led strategy and creation to drive social media content."
"I prepared employee training and development sessions.","Developed sessions to enhance training and development."
"I managed operational efficiency improvement projects.","Oversaw projects to improve efficiency."
"I conducted business intelligence and performance reporting.","Performed reporting to support intelligence and performance."
"I managed customer relationship and engagement initiatives.","Led initiatives to enhance relationships and engagement."
"I prepared strategic business planning and development.","Developed plans to drive strategic planning and development."
"I managed IT system implementation and management.","Oversaw implementation and management to ensure systems."
"I conducted brand loyalty analysis and reporting.","Performed analysis and reporting to measure loyalty."
"I managed internal communications and engagement strategies.","Led strategies to enhance communications and engagement."
"I prepared financial performance and analysis reports.","Developed reports to track performance and analysis."
"I managed product development and launch projects.","Oversaw projects to ensure development and launch."
"I conducted customer feedback and satisfaction analysis.","Performed analysis to measure feedback and satisfaction."
"I managed employee training and development initiatives.","Led initiatives to enhance training and development."
"I prepared digital marketing strategies and campaigns.","Developed strategies and campaigns to drive marketing."
"I managed operational performance improvement efforts.","Led efforts to improve performance."
"I conducted technical systems analysis and integration.","Performed analysis and integration to support systems."
"I managed content marketing and strategy development.","Led efforts to develop marketing and strategy."
"I prepared customer service training and development materials.","Developed materials to support service training."
"I managed technical integration and support processes.","Oversaw processes to ensure integration and support."
"I conducted financial analysis and planning efforts.","Performed analysis and planning to support financial efforts."
"I managed social media marketing and content creation.","Led marketing and content creation to drive social media."
"I prepared employee training and development programs and materials.","Developed programs and materials to enhance training and development."
"I managed operational documentation and compliance processes.","Oversaw processes to ensure documentation and compliance."
"I conducted business performance and intelligence reporting.","Performed reporting to support performance and intelligence."
"I managed customer relationship and engagement programs.","Led programs to enhance relationships and engagement."
"I prepared strategic business development and planning initiatives.","Developed initiatives to drive planning and development."
"I managed IT system implementation and support projects.","Oversaw projects to ensure implementation and support."
"I conducted brand loyalty and engagement analysis.","Performed analysis to measure loyalty and engagement."
"I managed internal communications and training strategies.","Led strategies to enhance communications and training."
"I prepared financial performance and analysis reports and plans.","Developed reports and plans to support performance and analysis."
"I managed product development and marketing initiatives.","Oversaw initiatives to drive development and marketing."
"I conducted customer feedback and satisfaction analysis and reporting.","Performed analysis and reporting to measure feedback and satisfaction."
"I managed employee training and development programs and initiatives.","Led programs and initiatives to enhance training and development."
"I prepared digital marketing strategies and plans to drive growth.","Developed strategies and plans to enhance growth through digital marketing."
"I managed operational performance improvement and efficiency efforts.","Led efforts to improve performance and efficiency."
"I conducted technical systems analysis and integration efforts.","Performed analysis and integration to support technical systems."
"I managed content marketing strategy and development initiatives.","Led efforts to develop marketing strategy and content."
"I prepared customer service training and support materials and programs.","Developed materials and programs to enhance customer service and support."
"I managed technical integration and support projects and processes.","Oversaw projects and processes to ensure technical integration and support."
"I conducted financial analysis and planning efforts and initiatives.","Performed analysis and planning to support financial efforts and initiatives."
"I managed social media marketing and content strategy and creation.","Led strategy and creation to drive social media marketing and content."
"I prepared employee training and development programs and materials to enhance skills and knowledge.","Developed programs and materials to enhance employee training and development."
"I managed operational documentation and compliance efforts and processes.","Oversaw efforts and processes to ensure documentation and compliance."
"I conducted business performance and intelligence reporting and analysis.","Performed reporting and analysis to support performance and intelligence."
"I managed customer relationship and engagement initiatives and programs.","Led initiatives and programs to enhance relationships and engagement."
"I prepared strategic business development and planning initiatives and efforts.","Developed initiatives and efforts to drive business planning and development."
"I managed IT system implementation and support projects and efforts.","Oversaw projects and efforts to ensure system implementation and support."
"I conducted brand loyalty and engagement analysis and reporting.","Performed analysis and reporting to measure brand loyalty and engagement."
"I managed internal communications and training strategies and programs.","Led strategies and programs to enhance internal communications and training."
"I prepared financial performance and analysis reports and plans to track progress and results.","Developed reports and plans to track financial performance and results."
"I managed product development and marketing initiatives and projects to drive innovation and growth.","Oversaw initiatives and projects to drive product development and marketing."
"I conducted customer feedback and satisfaction analysis and reporting to measure and improve results.","Performed analysis and reporting to measure and improve customer feedback and satisfaction."
"I managed employee training and development programs and initiatives to enhance skills and performance.","Led programs and initiatives to enhance employee training and development."
"I prepared digital marketing strategies and plans to drive growth and engagement.","Developed strategies and plans to drive growth and engagement through digital marketing."
"I managed operational performance improvement and efficiency efforts to enhance results and effectiveness.","Led efforts to enhance performance and efficiency."
"I conducted technical systems analysis and integration efforts to ensure optimal operation.","Performed analysis and integration to ensure optimal operation of technical systems."
"I managed content marketing strategy and development initiatives to drive brand awareness and engagement.","Led efforts to develop content marketing strategy and initiatives to enhance brand awareness and engagement."
"I prepared customer service training and support materials and programs to improve service quality.","Developed materials and programs to improve customer service quality."
"I managed technical integration and support projects and processes to ensure seamless operation.","Oversaw projects and processes to ensure seamless technical integration and support."
"I conducted financial analysis and planning efforts and initiatives to support strategic decisions.","Performed analysis and planning to support strategic financial decisions."
"I managed social media marketing and content strategy and creation to drive engagement and growth.","Led strategy and creation to drive social media marketing and content engagement."
"I prepared employee training and development programs and materials to enhance skills and performance.","Developed programs and materials to enhance employee training and development."
"I managed operational documentation and compliance efforts and processes to ensure adherence to standards.","Oversaw efforts and processes to ensure adherence to documentation and compliance standards."
"I conducted business performance and intelligence reporting and analysis to inform decision-making.","Performed reporting and analysis to support business performance and intelligence."
"I managed customer relationship and engagement initiatives and programs to drive satisfaction and loyalty.","Led initiatives and programs to drive customer satisfaction and loyalty."
"I prepared strategic business development and planning initiatives and efforts to guide growth.","Developed initiatives and efforts to guide strategic business development and planning."
"I managed IT system implementation and support projects and efforts to ensure success.","Oversaw projects and efforts to ensure successful IT system implementation and support."
"I conducted brand loyalty and engagement analysis and reporting to measure effectiveness.","Performed analysis and reporting to measure brand loyalty and engagement."
"I managed internal communications and training strategies and programs to enhance collaboration and learning.","Led strategies and programs to enhance internal communications and training."
"I prepared financial performance and analysis reports and plans to track and improve results.","Developed reports and plans to track and improve financial performance."
"I managed product development and marketing initiatives and projects to drive innovation and success.","Oversaw initiatives and projects to drive product development and marketing success."
"I conducted customer feedback and satisfaction analysis and reporting to measure and enhance results.","Performed analysis and reporting to measure and enhance customer feedback and satisfaction."
"I managed employee training and development programs and initiatives to enhance skills and performance.","Led programs and initiatives to enhance employee training and development."
Certainly! Here are additional sentence pairs to further expand your CSV file.

### Additional Sentence Pairs

```csv
casual,professional
"I ran errands for the office.","Managed office errands efficiently to support daily operations."
"I updated our database.","Maintained and updated database records accurately."
"I sorted the mail.","Handled incoming and outgoing mail to ensure timely delivery."
"I wrote blog posts for the company site.","Authored engaging blog posts to enhance company visibility online."
"I handled customer complaints.","Resolved customer complaints with professionalism and care."
"I organized team building activities.","Planned and facilitated team-building activities to improve team cohesion."
"I designed flyers for events.","Created visually appealing flyers to promote company events."
"I coded new features into the app.","Developed new application features to enhance user experience."
"I did the payroll.","Processed payroll accurately and on time."
"I scheduled appointments for clients.","Coordinated client appointments to ensure efficient scheduling."
"I tested the new software release.","Performed quality assurance testing on new software releases."
"I edited the company newsletter.","Edited and published the company newsletter to communicate updates."
"I answered support tickets.","Responded to support tickets to address customer technical issues."
"I created marketing materials.","Developed marketing materials to support sales and promotional efforts."
"I organized the filing cabinets.","Streamlined and organized filing cabinets for better document management."
"I ran the company's blog.","Managed and produced content for the company blog to engage readers."
"I helped with product launches.","Assisted in coordinating successful product launches."
"I managed client accounts.","Oversaw client accounts to maintain strong business relationships."
"I worked with the sales team.","Collaborated with the sales team to drive revenue growth."
"I led team meetings.","Facilitated and led team meetings to discuss project progress."
"I did software testing.","Conducted thorough software testing to ensure quality and performance."
"I updated our CRM system.","Maintained and updated the customer relationship management (CRM) system."
"I wrote user manuals.","Created comprehensive user manuals to guide product usage."
"I prepared financial statements.","Compiled and prepared accurate financial statements."
"I coordinated shipping logistics.","Managed shipping logistics to ensure timely delivery of goods."
"I assisted in HR tasks.","Supported HR tasks including recruitment and employee onboarding."
"I created data visualizations.","Developed data visualizations to present complex information clearly."
"I handled customer returns.","Processed customer returns efficiently to ensure satisfaction."
"I prepared presentation slides.","Designed and prepared presentation slides for business meetings."
"I managed the office calendar.","Coordinated and managed the office calendar to optimize scheduling."
"I participated in code reviews.","Contributed to code reviews to maintain high code quality standards."
"I trained colleagues on new tools.","Provided training to colleagues on new tools and technologies."
"I conducted surveys for feedback.","Administered surveys to gather feedback and insights."
"I managed email campaigns.","Executed and managed email marketing campaigns."
"I created video content for social media.","Produced engaging video content for social media platforms."
"I tracked project progress.","Monitored and reported on project progress to ensure timelines were met."
"I drafted legal documents.","Drafted legal documents and contracts with precision."
"I handled IT support requests.","Resolved IT support requests to ensure smooth technological operations."
"I wrote press releases.","Crafted press releases to announce company news and events."
"I maintained the company's wiki.","Updated and maintained the company's internal knowledge base."
"I analyzed competitor products.","Conducted analysis of competitor products to inform strategy."
"I conducted training sessions.","Led training sessions to improve team skills and knowledge."
"I supported the marketing team.","Assisted the marketing team in executing promotional campaigns."
"I managed vendor relationships.","Cultivated and maintained relationships with vendors."
"I prepared tax documents.","Prepared tax documents to ensure compliance and accuracy."
"I organized company workshops.","Planned and organized workshops to enhance employee development."
```

### Saving the Expanded CSV File

Here's the updated and expanded CSV file with all the additional sentences:

### Full Example CSV File (resume_sentences.csv)

```csv
casual,professional
"I fixed bugs in the code.","Resolved software defects and improved application stability."
"I helped the team with project work.","Collaborated with the team on project tasks to ensure timely delivery."
"I did data entry tasks.","Performed data entry and maintained accurate records."
"I managed the company’s social media.","Oversaw and managed the company’s social media presence."
"I worked on customer support.","Provided customer support and addressed client inquiries efficiently."
"I tested new software features.","Conducted testing of new software features to ensure functionality."
"I wrote reports for the boss.","Prepared detailed reports for management review."
"I took care of client emails.","Handled client communications via email to ensure satisfaction."
"I participated in team meetings.","Actively participated in team meetings to contribute to project planning."
"I did market research for new products.","Conducted market research to identify potential new product opportunities."
"I answered phones at the office.","Managed phone communications and directed calls to appropriate departments."
"I set up meetings for my boss.","Scheduled and coordinated meetings for executive management."
"I made copies of documents.","Handled document duplication and distribution efficiently."
"I showed new employees around the office.","Conducted orientation sessions and office tours for new hires."
"I kept track of office supplies.","Monitored and managed office inventory to ensure adequate supplies."
"I made travel plans for my boss.","Arranged and organized travel itineraries for executives."
"I worked late to finish the project.","Demonstrated dedication by working extended hours to complete project tasks."
"I helped customers with their issues.","Provided exceptional customer service by addressing and resolving client issues."
"I organized the company picnic.","Planned and executed company events to enhance employee engagement."
"I trained new staff on our system.","Conducted training sessions to onboard new employees with company systems."
"I wrote emails to clients.","Crafted professional emails to communicate with clients."
"I updated the company website.","Maintained and updated website content to ensure current and accurate information."
"I did the bookkeeping for the office.","Managed office bookkeeping and financial records accurately."
"I created presentations for meetings.","Developed comprehensive presentations for business meetings."
"I handled the company's billing.","Processed billing and invoicing efficiently."
"I researched new suppliers.","Conducted thorough research to identify and evaluate potential suppliers."
"I proofread documents before submission.","Ensured accuracy and quality by proofreading documents prior to submission."
"I took notes during meetings.","Documented meeting minutes and action items for team reference."
"I greeted visitors at the front desk.","Welcomed and assisted visitors, ensuring a positive first impression."
"I maintained the filing system.","Organized and maintained an efficient filing system for easy document retrieval."
"I sent out newsletters to clients.","Designed and distributed newsletters to clients to keep them informed."
"I updated our social media pages.","Regularly updated social media pages to enhance online presence."
"I negotiated prices with vendors.","Successfully negotiated pricing and terms with vendors."
"I analyzed data for reports.","Performed data analysis to support detailed report generation."
"I ran errands for the office.","Managed office errands efficiently to support daily operations."
"I updated our database.","Maintained and updated database records accurately."
"I sorted the mail.","Handled incoming and outgoing mail to ensure timely delivery."
"I wrote blog posts for the company site.","Authored engaging blog posts to enhance company visibility online."
"I handled customer complaints.","Resolved customer complaints with professionalism and care."
"I organized team building activities.","Planned and facilitated team-building activities to improve team cohesion."
"I designed flyers for events.","Created visually appealing flyers to promote company events."
"I coded new features into the app.","Developed new application features to enhance user experience."
"I did the payroll.","Processed payroll accurately and on time."
"I scheduled appointments for clients.","Coordinated client appointments to ensure efficient scheduling."
"I tested the new software release.","Performed quality assurance testing on new software releases."
"I edited the company newsletter.","Edited and published the company newsletter to communicate updates."
"I answered support tickets.","Responded to support tickets to address customer technical issues."
"I created marketing materials.","Developed marketing materials to support sales and promotional efforts."
"I organized the filing cabinets.","Streamlined and organized filing cabinets for better document management."
"I ran the company's blog.","Managed and produced content for the company blog to engage readers."
"I helped with product launches.","Assisted in coordinating successful product launches."
"I managed client accounts.","Oversaw client accounts to maintain strong business relationships."
"I worked with the sales team.","Collaborated with the sales team to drive revenue growth."
"I led team meetings.","Facilitated and led team meetings to discuss project progress."
"I did software testing.","Conducted thorough software testing to ensure quality and performance."
"I updated our CRM system.","Maintained and updated the customer relationship management (CRM) system."
"I wrote user manuals.","Created comprehensive user manuals to guide product usage."
"I prepared financial statements.","Compiled and prepared accurate financial statements."
"I coordinated shipping logistics.","Managed shipping logistics to ensure timely delivery of goods."
"I assisted in HR tasks.","Supported HR tasks including recruitment and employee onboarding."
"I created data visualizations.","Developed data visualizations to present complex information clearly."
"I handled customer returns.","Processed customer returns efficiently to ensure satisfaction."
"I prepared presentation slides.","Designed and prepared presentation slides for business meetings."
"I managed the office calendar.","Coordinated and managed the office calendar to optimize scheduling."
"I participated in code reviews.","Contributed to code reviews to maintain high code quality standards."
"I trained colleagues on new tools.","Provided training to colleagues on new tools and technologies."
"I conducted surveys for feedback.","Administered surveys to gather feedback and insights."
"I managed email campaigns.","Executed and managed email marketing campaigns."
"I created video content for social media.","Produced engaging video content for social media platforms."
"I tracked project progress.","Monitored and reported on project progress to ensure timelines were met."
"I drafted legal documents.","Drafted legal documents and contracts with precision."
"I handled IT support requests.","Resolved IT support requests to ensure smooth technological operations."
"I wrote press releases.","Crafted press releases to announce company news and events."
"I maintained the company's wiki.","Updated and maintained the company's internal knowledge base."
"I analyzed competitor products.","Conducted analysis of competitor products to inform strategy."
"I conducted training sessions.","Led training sessions to improve team skills and knowledge."
"I supported the marketing team.","Assisted the marketing team in executing promotional campaigns."
"I developed user experience designs.","Created user experience designs to enhance usability."
"I managed product backlogs.","Oversaw product backlogs to prioritize tasks."
"I conducted marketing analysis.","Performed marketing analysis to guide campaigns."
"I managed cloud infrastructure.","Led cloud infrastructure to support operations."
"I prepared training schedules.","Developed training schedules to organize sessions."
"I managed legal compliance.","Oversaw legal compliance to ensure regulations."
"I conducted focus groups.","Performed focus groups to gather feedback."
"I managed customer databases.","Led customer databases to maintain records."
"I prepared technical documentation.","Developed technical documentation to support products."
"I managed IT services.","Oversaw IT services to maintain systems."
"I conducted strategic partnerships.","Formed strategic partnerships to expand networks."
"I managed user accounts.","Oversaw user accounts to ensure security."
"I prepared audit findings.","Developed audit findings to highlight issues."
"I managed system upgrades.","Led system upgrades to enhance capabilities."
"I conducted employee interviews.","Performed employee interviews to hire talent."
"I managed product feedback.","Oversaw product feedback to drive improvements."
"I prepared social media content.","Developed social media content to engage followers."
"I managed change initiatives.","Led change initiatives to drive transformation."
"I conducted resource planning.","Performed resource planning to allocate assets."
"I managed customer insights.","Oversaw customer insights to inform decisions."
"I prepared business presentations.","Developed business presentations to convey ideas."
"I managed team workflows.","Led team workflows to streamline tasks."
"I conducted peer reviews.","Performed peer reviews to ensure quality."
"I managed promotional activities.","Oversaw promotional activities to increase sales."
"I prepared contingency plans.","Developed contingency plans to address risks."
"I managed IT compliance.","Led IT compliance to ensure standards."
"I conducted client assessments.","Performed client assessments to understand needs."
"I managed operational efficiency.","Oversaw operational efficiency to improve performance."
"I prepared stakeholder reports.","Developed stakeholder reports to update parties."
"I managed contract renewals.","Led contract renewals to secure agreements."
"I conducted system audits.","Performed system audits to ensure integrity."
"I managed talent retention.","Oversaw talent retention to maintain staff."
"I prepared marketing briefs.","Developed marketing briefs to guide strategies."
"I managed digital interfaces.","Led digital interfaces to improve user interaction."
"I conducted business mapping.","Performed business mapping to visualize processes."
"I managed process optimization.","Oversaw process optimization to enhance performance."
"I prepared engagement plans.","Developed engagement plans to increase participation."
"I managed application development.","Led application development to create software."
"I conducted technology assessments.","Performed technology assessments to evaluate tools."
"I managed customer satisfaction.","Oversaw customer satisfaction to ensure quality."
"I prepared product roadmaps.","Developed product roadmaps to plan development."
"I managed HR operations.","Led HR operations to support employees."
"I conducted content analysis.","Performed content analysis to derive insights."
"I managed strategic initiatives.","Oversaw strategic initiatives to drive projects."
"I prepared budget allocations.","Developed budget allocations to distribute funds."
"I managed IT resources.","Led IT resources to support systems."
"I conducted employee onboarding.","Performed employee onboarding to integrate new hires."
"I managed process reviews.","Oversaw process reviews to ensure efficiency."
"I prepared user feedback reports.","Developed user feedback reports to improve products."
"I managed digital strategy.","Led digital strategy to enhance online presence."
"I conducted vendor assessments.","Performed vendor assessments to evaluate services."
"I managed project coordination.","Oversaw project coordination to align teams."
"I prepared product releases.","Developed product releases to launch features."
"I managed operational risk.","Led operational risk management to mitigate issues."
"I conducted market entry strategies.","Performed market entry strategies to penetrate markets."
"I managed data governance.","Oversaw data governance to ensure integrity."
"I prepared compliance manuals.","Developed compliance manuals to guide practices."
"I managed IT project portfolios.","Led IT project portfolios to prioritize initiatives."
"I conducted customer journey mapping.","Performed customer journey mapping to enhance experience."
"I managed service delivery.","Oversaw service delivery to ensure satisfaction."
"I prepared technical support documentation.","Developed technical support documentation to assist users."
"I managed user experience optimization.","Led user experience optimization to improve satisfaction."